<PackageManifest>
  <Item File="App Settings/AppSettings.xml">
    <Sign>HAqyHVVdXiOH7R1aSRcwPfwHts6PnPIVF+yXkfV+UMVcA8J99TUUaw==</Sign>
  </Item>
  <Item File="Authentications_2025-Feb-07_0817.xml">
    <Sign>Uw2RlNe8PMsknE6I0PbMpGR6F60LpMNgr3owTPpbwCoH0xKfE+7XIA==</Sign>
  </Item>
  <Item File="DataPages_2025-Feb-07_0817.xml">
    <Sign>fM+VVIT1UQo/cnoKevfBZofyl0NVBpvoyPNk1CU5icGTYmjiaBx5Ag==</Sign>
  </Item>
  <Item File="Styles_2025-Feb-07_0817.xml">
    <Sign>OLKiFycc/jXjy6vtVWqRX25mRj2ZJ6/vClwpy19m9PrPIN+Bf0Xn3g==</Sign>
  </Item>
  <Item File="Tables_2025-Feb-07_0817.xml">
    <Sign>Q9w48ifn6mYVa5PDOAtFQzUf4/oPjjMsptfQKaxTIueHFe3CciNLkw==</Sign>
  </Item>
  <Item File="Views_2025-Feb-07_0817.xml">
    <Sign>Gp0nbMMJdmk8MYnjFm9PUZknMqZQyPFPE4rVqBD8/WewEDtCHGDGlQ==</Sign>
  </Item>
</PackageManifest>