﻿<?xml version="1.0" encoding="utf-8" ?><xml><Authentication Name="Student_auth_1" Mode="Auth" RedirectSuccessTargetType="AppPage" RedirectProviderFailedTargetType="HTMLPage" RedirectProviderFailedMessage="Unknown user. Contact the app administrator for assistance." RedirectNotLoggedTargetType="AppPage" DisplayLayout="Icons"><DataPageAuth DataSourceName="Students_1" DataSourceType="Table" DisplayOrder="1" HeaderRichUI="False" FooterRichUI="False" Enabled="True" AuthFailureMessage="Authentication failed. The information you have provided cannot be authenticated. Check your login information and try again." FailureShowLoginForm="True" Type="Advanced" RedirectType="1" SessionTimeout="120"><Section ColumnCount="1" FieldAlignment="LeftToRight" Type="MultiColumn" DisplayOrder="1"><Field ColumnName="Student_email" Type="Text Field" Label="User name" Unique="True" DisplayOrder="1" Editable="True" DataType="STRING" Required="False" LabelOrientation="Top" DefaultValue="[@Student_email]" Size="25" MaxLength="255" MinLength="" MaskPassword="False" CaseSensitive="False" /><Field ColumnName="Student_NSHE" Type="Text Field" Label="Password" Unique="True" DisplayOrder="2" Editable="True" DataType="STRING" Required="False" LabelOrientation="Top" DefaultValue="[@Student_NSHE]" Size="25" MaxLength="255" MinLength="" MaskPassword="False" CaseSensitive="False" /></Section><Mappings /></DataPageAuth><Note /></Authentication><Authentication Name="Teacher_auth" Mode="Auth" RedirectSuccessTargetType="AppPage" RedirectProviderFailedTargetType="HTMLPage" RedirectProviderFailedMessage="Unknown user. Contact the app administrator for assistance." RedirectNotLoggedTargetType="AppPage" DisplayLayout="Right"><DataPageAuth DataSourceName="Teachers_1" DataSourceType="Table" DisplayOrder="1" HeaderRichUI="False" FooterRichUI="False" Enabled="True" AuthFailureMessage="Authentication failed. The information you have provided cannot be authenticated. Check your login information and try again." FailureShowLoginForm="True" Type="Advanced" RedirectType="1" SessionTimeout="120"><Section ColumnCount="1" FieldAlignment="LeftToRight" Type="MultiColumn" DisplayOrder="1"><Field ColumnName="Teache_NSHE" Type="Text Field" Label="Password" Unique="True" DisplayOrder="1" Editable="True" DataType="STRING" Required="False" LabelOrientation="Top" DefaultValue="" Size="25" MaxLength="255" MinLength="" MaskPassword="True" CaseSensitive="False" /><Field ColumnName="Teacher_email" Type="Text Field" Label="User name" Unique="True" DisplayOrder="2" Editable="True" DataType="STRING" Required="False" LabelOrientation="Top" DefaultValue="" Size="25" MaxLength="255" MinLength="" MaskPassword="False" CaseSensitive="False" /></Section><Mappings /></DataPageAuth><Note /></Authentication></xml>