﻿<?xml version="1.0" encoding="utf-8" ?><xml><Application Type="WebForm" AppKey="1435e0009414ce7e063646f790fb" Name="Session1 Web Form" HomePageName="Session1 Web Form" Version="54.117" AjaxEnabled="True" EnableSemanticMarkup="True" DeferredIntroduction="False" AllowParameters="Y" UseAsyncDeployment="True" EditAdvanced="true" StyleTemplateId="" LocalizationTemplateId="1"><NewRecordPage DataSourceType="View" DataSourceName="Session1" Name="Session1 Web Form" RichHeader="False" RichFooter="False" TargetType="HTMLPage" Message="Your submission was successful." RichMessage="False"><Section ColumnCount="1" FieldAlignment="TopToBottom" Type="MultiColumn" DisplayOrder="1"><Field ColumnName="HTML Block 2" RichUI="true" Label="&lt;div style=&quot;background:#eee;border:1px solid #ccc;padding:5px 10px;&quot;&gt;Student Info&lt;/div&gt;" Type="HTML Block" Unique="False" DisplayOrder="1" Editable="True" Required="False" DefaultValue="" /><Field ColumnName="Session_info_1_Exam_id" Type="Hidden" Unique="True" DisplayOrder="2" Editable="True" DataType="STRING" LabelOrientation="NoPlaced" Required="True" CustomDefault="HumanID" CustomDefaultLength="8" CustomDefaultChars="0" /><Field Name="Virtual1" Label="Student Name" Type="Static" Unique="False" DisplayOrder="3" Editable="False" DataType="TEXT" LabelOrientation="NoPlaced" Required="False" DefaultValue="[@authfield:Name]" DisplayType="Plain Text"><Format /></Field><Field Name="Virtual2" Label="Student Email" Type="Static" Unique="False" DisplayOrder="4" Editable="False" DataType="TEXT" LabelOrientation="NoPlaced" Required="False" DefaultValue="[@authfield:Student_email]" DisplayType="Plain Text"><Format /></Field><Field ColumnName="Session_info_1_Student_NSHE" Label="Student NSHE" Type="Static" Unique="False" DisplayOrder="5" Editable="False" DataType="STRING" LabelOrientation="NoPlaced" Required="False" DefaultValue="[@authfield:Student_NSHE]" DisplayType="Plain Text"><Format /></Field></Section><Section ColumnCount="1" FieldAlignment="LeftToRight" Type="MultiColumn" DisplayOrder="2"><Field ColumnName="HTML Block 3" RichUI="true" Label="&lt;div style=&quot;background:#eee;border:1px solid #ccc;padding:5px 10px;&quot;&gt;Location&lt;/div&gt;" Type="HTML Block" Unique="False" DisplayOrder="1" Editable="True" Required="False" DefaultValue="" /><Field ColumnName="Session_info_1_Location" Label="Location" Type="Radio Buttons" Unique="False" DisplayOrder="2" Editable="True" DataType="STRING" LabelOrientation="Left" Required="True" LineBreak="False" ChildID="CascadeIndex0"><Option Value="NLV" DisplayText="NLV" IsSelected="false" DisplayOrder="" /><Option Value="Charelston" DisplayText="Charelston" IsSelected="False" DisplayOrder="" /><Option Value="Henderson" DisplayText="Henderson" IsSelected="False" DisplayOrder="" /></Field><Field ColumnName="Session_info_1_Room_id" Label="Room" Type="Dropdown" Unique="False" DisplayOrder="3" Editable="True" DataType="STRING" LabelOrientation="Left" Required="True" ParentID="CascadeIndex0"><Option Value="C-115" DisplayText="C-115" IsSelected="false" DisplayOrder="" /><Option Value="D-225" DisplayText="D-225" IsSelected="False" DisplayOrder="" /><Option Value="B-116" DisplayText="B-116" IsSelected="False" DisplayOrder="" /><LookUp DataSourceName="Session1" DataSourceType="View" Value="Session_info_1_Room_id" DisplayText="Session_info_1_Room_id" CascadChildPrompt="First make your selection above" Distinct="true" OrderBy="ASC" SortBy="text" DisplayOrder="Bottom" /></Field></Section><Section ColumnCount="1" FieldAlignment="LeftToRight" Type="MultiColumn" DisplayOrder="3"><Field ColumnName="HTML Block 4" RichUI="true" Label="&lt;div style=&quot;background:#eee;border:1px solid #ccc;padding:5px 10px;&quot;&gt;Date/Time&lt;/div&gt;" Type="HTML Block" Unique="False" DisplayOrder="1" Editable="True" Required="False" DefaultValue="" /><Field ColumnName="Session_info_1_Date" Label="Date" Type="Dropdown" Unique="False" DisplayOrder="2" Editable="True" DataType="STRING" LabelOrientation="Left" Required="True" ParentID="CascadeIndex0"><Option Value="12/6/2024" DisplayText="12/6/2024" IsSelected="false" DisplayOrder="" /><Option Value="12/7/2024" DisplayText="12/7/2024" IsSelected="False" DisplayOrder="" /><Option Value="12/8/2024" DisplayText="12/8/2024" IsSelected="False" DisplayOrder="" /><LookUp DataSourceName="Session1" DataSourceType="View" Value="Session_info_1_Date" DisplayText="Session_info_1_Date" CascadChildPrompt="First make your selection above" Distinct="true" OrderBy="ASC" SortBy="text" DisplayOrder="Bottom" /></Field><Field ColumnName="Session_info_1_Time" Label="Time" Type="Dropdown" Unique="False" DisplayOrder="3" Editable="True" DataType="STRING" LabelOrientation="Left" Required="True" ParentID="CascadeIndex0"><Option Value="11:00 AM" DisplayText="11:00 AM" IsSelected="false" DisplayOrder="" /><Option Value="02:00 PM" DisplayText="02:00 PM" IsSelected="False" DisplayOrder="" /><Option Value="12:00 PM" DisplayText="12:00 PM" IsSelected="False" DisplayOrder="" /><LookUp DataSourceName="Session1" DataSourceType="View" Value="Session_info_1_Time" DisplayText="Session_info_1_Time" CascadChildPrompt="First make your selection above" Distinct="true" OrderBy="ASC" SortBy="text" DisplayOrder="Bottom" /></Field></Section><Section ColumnCount="1" FieldAlignment="LeftToRight" Type="MultiColumn" DisplayOrder="4"><Field ColumnName="HTML Block 5" RichUI="true" Label="&lt;div style=&quot;background:#eee;border:1px solid #ccc;padding:5px 10px;&quot;&gt;Exam type&lt;/div&gt;" Type="HTML Block" Unique="False" DisplayOrder="1" Editable="True" Required="False" DefaultValue="" /><Field ColumnName="Session_info_1_Type" Label="Type" Type="Radio Buttons" Unique="False" DisplayOrder="2" Editable="True" DataType="STRING" LabelOrientation="Left" Required="True" LineBreak="False"><Option Value="Word" DisplayText="Word" IsSelected="false" DisplayOrder="" /><Option Value="Excel" DisplayText="Excel" IsSelected="False" DisplayOrder="" /><Option Value="PPT" DisplayText="PPT" IsSelected="False" DisplayOrder="" /></Field></Section><Section ColumnCount="1" FieldAlignment="LeftToRight" Type="MultiColumn" DisplayOrder="5"><Field ColumnName="HTML Block 1" RichUI="true" Label="&lt;div style=&quot;background:#eee;border:1px solid #ccc;padding:5px 10px;&quot;&gt;Edit Reservations&lt;/div&gt;&#xA;[@app:Delete_button]" Type="HTML Block" Unique="False" DisplayOrder="1" Editable="True" Required="False" DefaultValue="" /><Field ColumnName="Session_info_1_Current_Capacity" Type="Hidden" Unique="False" DisplayOrder="2" Editable="True" DataType="NUMBER" Required="False" LabelOrientation="Left" CustomDefault="RandomNumber" CustomDefaultLength="1" /></Section></NewRecordPage><Acknowledgement ColumnName="Session_info_1_Exam_id" FromAddress="noreply@caspio.app" ReplyToAddress="[@app:Email_1]" Subject="Reservation" Body="Reservation made" ContentType="Text" /><NotificationCriteria FromAddress="noreply@caspio.app" Subject="Reservation" Body="Session_info_1_Exam_id : [@field:Session_info_1_Exam_id] Session_info_1_Student_NSHE : [@field:Session_info_1_Student_NSHE] Session_info_1_Room_id : [@field:Session_info_1_Room_id] Session_info_1_Date : [@field:Session_info_1_Date] Session_info_1_Time : [@field:Session_info_1_Time] Session_info_1_Location : [@field:Session_info_1_Location] Session_info_1_Type : [@field:Session_info_1_Type] Session_info_1_Current_Capacity : [@field:Session_info_1_Current_Capacity]" ContentType="Text" ReplyToAddress="[@app:Email_1]" ComparisonType="" ColumnName="" Priority="1" Value=""><ToAddress>[@authfield:Student_email]</ToAddress></NotificationCriteria><Note /></Application><Application Type="WebApp" AppKey="1435e0005016e0610dc942caac8e" Name="History1 Search and Report" HomePageName="History1 Search and Report" Version="54.117" AjaxEnabled="True" EnableSemanticMarkup="True" AllowParameters="Y" AllowCriteriaParameters="Y" UseAsyncDeployment="True" EditAdvanced="true" StyleTemplateId="1" LocalizationTemplateId="1"><SearchPage DataSourceType="View" DataSourceName="History1" Name="History1 Search and Report" RichHeader="False" RichFooter="False" AutoFocusInFirstField="False" GlobalOperator="AND" PerformInitialSearch="False" DisplayReport="SamePage"><CriteriaRoot><CriteriaGroup Type="AND"><CriteriaItem CriteriaId="2" /></CriteriaGroup></CriteriaRoot><Section ColumnCount="1" FieldAlignment="LeftToRight" Type="MultiColumn" DisplayOrder="1"><Field ColumnName="Students_1_Student_NSHE" DataType="STRING" DisplayOrder="1"><FieldMatch Label="Student NSHE" Type="Text Field" Unique="False" DisplayOrder="1" Editable="True" LabelOrientation="Left" Required="True" ComparisonType="=" MatchNull="N" Operator="OR" EnableWildcards="False" CriteriaId="2" DefaultValue="[@authfield:Student_NSHE]" Size="25" MaxLength="255" MinLength="0" Calendar="False" /></Field></Section><SearchRecordsetPage RichHeader="False" RichFooter="False" Display="Tabular" ApplyLabelsFormatting="True" ColumnSortingType="Column" RowsPerPage="25" HideNumberOfRecords="False" ColumnSorting="true" JumpToPage="True" BulkDelete="False" BulkUpdate="False" GridEdit="False" DisplayRowIndex="False" FreezeHeader="False" ApplyRandomSort="False" FreezeColumnsCount="0" DisplayColumns="1" TotalRows="" InlineAdd="False" Distinct="False"><DisplayField ColumnName="Session_info_1_Exam_id" DataType="STRING" Label="Exam ID" Type="Plain Text" SortOrder="" SortDir="" DisplayOrder="1" Editable="False"><Format Type="" /></DisplayField><DisplayField ColumnName="Session_info_1_Student_NSHE" DataType="STRING" Label=" Student NSHE" Type="Plain Text" SortOrder="" SortDir="" DisplayOrder="2" Editable="False"><Format Type="" /></DisplayField><DisplayField ColumnName="Session_info_1_Room_id" DataType="STRING" Label=" Room id" Type="Plain Text" SortOrder="" SortDir="" DisplayOrder="3" Editable="False"><Format Type="" /></DisplayField><DisplayField ColumnName="Session_info_1_Date" DataType="STRING" Label=" Date" Type="Plain Text" SortOrder="" SortDir="" DisplayOrder="4" Editable="False"><Format Type="" /></DisplayField><DisplayField ColumnName="Session_info_1_Time" DataType="STRING" Label="Time" Type="Plain Text" SortOrder="" SortDir="" DisplayOrder="5" Editable="False"><Format Type="" /></DisplayField><DisplayField ColumnName="Session_info_1_Location" DataType="STRING" Label="Location" Type="Plain Text" SortOrder="" SortDir="" DisplayOrder="6" Editable="False"><Format Type="" /></DisplayField><DisplayField ColumnName="Session_info_1_Type" DataType="STRING" Label="Type" Type="Plain Text" SortOrder="" SortDir="" DisplayOrder="7" Editable="False"><Format Type="" /></DisplayField><DisplayField ColumnName="Students_1_Student_email" DataType="STRING" Label="Student email" Type="Plain Text" SortOrder="" SortDir="" DisplayOrder="8" Editable="False"><Format Type="" /></DisplayField><DisplayField ColumnName="Students_1_Name" DataType="STRING" Label="Name" Type="Plain Text" SortOrder="" SortDir="" DisplayOrder="9" Editable="False"><Format Type="" /></DisplayField><RecordAction ActionType="INLINE DELETE" DisplayOrder="1" Label="Delete" /></SearchRecordsetPage></SearchPage><DeleteAcknowledgement ColumnName="Students_1_Student_email" FromAddress="noreply@caspio.app" ReplyToAddress="[@app:Email_1]" Subject="Reservation" Body=" Reservation Canceled" ContentType="Text" /><Note /></Application></xml>