﻿<?xml version="1.0" encoding="utf-8" ?><xml><Style TplId="1" Name="Form Style"><DesktopStyle><cbFormLabel CSS="/*Form Label Text Attributes*/ color: #000000; font-family: Arial, Helvetica, sans-serif; font-size: 14px; font-weight: 700;" /><cbFormLabelError CSS="/*Form Label Error Text Attributes*/ color: #D60000; font-family: Arial, Helvetica, sans-serif; font-size: 14px; font-style: normal; font-weight: 700;" /><cbFormFieldCell CSS="/*Form Field Container Attributes*/ padding: 7px 15px; text-align: left; vertical-align: middle; white-space: nowrap;" /><cbFormExpandLink HideMarker="&lt;img src=&quot;&lt;cb:BridgeServer/&gt;/images/trunc_text_less_1_skyblue.gif&quot; alt=&quot;[Less...]&quot; style=&quot;border: 0px;&quot; /&gt;" Hover="true" Name="Navy Pointer" ShowMarker="&lt;img src=&quot;&lt;cb:BridgeServer/&gt;/images/trunc_text_more_1_skyblue.gif&quot; alt=&quot;[More...]&quot; style=&quot;border: 0px;&quot; /&gt;" Type="Icon" CSS="      /*Show/Hide Collapsed Text Attributes*/      color: #027FAA;      cursor: pointer;      font-family: Arial, Helvetica, sans-serif;      font-size: 14px;      font-weight: 400;      text-decoration: none;     " /><cbFormTable Cellspacing="0" Hover="true" CSS="/*Form Table Attributes*/ background: #FFFFFF; margin: 0px; width: 100%; border-width: 5px; border-style: groove; border-color: #000000;border-collapse: collapse;" /><cbFormTableRow Alternate="true" BGColor="#FFFFFF" Hover="False" HoverBGColor="#FFFFFF" CSS="&#xA; /*Form Table Row Attributes*/&#xA; background-color: #FFFFFF;&#xA;" /><cbFormLabelCell CSS="/*Form Label Cell Attributes*/ padding: 14px 15px 0px 15px; text-align: left; vertical-align: top; white-space: normal; width: auto;background-color: #FFFFFF;" /><cbFormTextAreaHint CSS="/*Form Text Area Hint Attributes*/ color: #20282B; font-family: Arial, Helvetica, sans-serif; font-size: 12px; font-weight: 400; padding: 0px 2px 8px 2px; text-align: right;" /><cbFormNavigationTable AsTableWidth="true" Cellspacing="0" Position="top" CSS="/*Details Page Navigation Table Attributes*/ margin: 0px; white-space: nowrap; width: 100%;" /><cbAuthSimpleProviderContainerLeft CSS="border-color: #F2F2F2; border-style: solid; border-width: 0px 0px 0px 2px; padding-bottom: 8px; vertical-align: middle;background-color: #000000;" /><cbAuthSimpleProviderContainerTop CSS="border-color: #F2F2F2; border-style: solid; border-width: 0px 0px 0px 2px; vertical-align: middle;background-color: #000000;" /><cbAuthSimpleProviderContainerBottom CSS="border-color: #F2F2F2; border-style: solid; border-width: 0px 0px 0px 2px; vertical-align: middle;background-color: #000000;" /><cbAuthSidebarProviderWaitingMessage CSS="&#xA;" /><cbResultSetTableHeader AscMarker="&lt;img src=&quot;&lt;cb:BridgeServer/&gt;/images/set2_ascending.gif&quot; alt=&quot;Ascending&quot; style=&quot;border: 0px;&quot; /&gt;" BGColor="transparent" DescMarker="&lt;img src=&quot;&lt;cb:BridgeServer/&gt;/images/set2_descending.gif&quot; alt=&quot;Descending&quot; style=&quot;border: 0px;&quot; /&gt;" Hover="false" HoverBGColor="transparent" Name="White" Type="Icon" CSS="      /*Results Page Table Header Attributes*/      background-color: transparent;     " /><cbResultSetCalendarOddCell_hover CSS="/*Results Page Calendar Odd Cell Hover Attributes*/padding: 6px 8px;" /><cbResultSetCalendarEvenCell_hover CSS="/*Results Page Calendar Even Cell Hover Attributes*/padding: 6px 8px;" /><cbResultSetPanelCalendarRAContainer_hover CSS="/*Results Page Record Action Container Attributes*/ -khtml-opacity: 1; -moz-opacity: 1; background: #E2E8EA; opacity: 1; overflow: hidden; padding: 5px 15px; text-align: left; vertical-align: middle; white-space: nowrap;" /></DesktopStyle><TabletStyle><cbResultSetPdfHeaderFooter /><cbFormHintLabelImage /><cbFormHintTipContainer /><cbResultSetHintLabelImage /><cbResultSetHintTipContainer /><cbFormSection508Label /><cbFormLabelCell CSS="&#xA;" /><cbFormErrorField /><cbFormTextAreaHintContainer /><cbFormTextField_placeholder /><cbFormPassword_placeholder /><cbFormTextArea_placeholder /><cbPasswordTextWeak /><cbPasswordTextFair /><cbPasswordTextGood /><cbPasswordTextStrong /><cbPasswordBarWeak /><cbPasswordBarFair /><cbPasswordBarGood /><cbPasswordBarStrong /><cbPasswordStrengthBarContainer /><cbPasswordStrengthBar /><cbFormMultiSelect /><cbFormRadioButtonLabelDisabled /><cbFormFieldCell CSS="&#xA;" /><cbFormUnorderedList /><cbFormOrderedList /><cbFormListItem /><cbFormDataCell CSS="&#xA;" /><cbFormDataCellNumberDate CSS="&#xA;" /><cbFormTable CSS="&#xA;" /><cbFormTableRow CSS="&#xA;" /><cbFormTableRow_hover CSS="&#xA;" /><cbFormTableEvenRow CSS="&#xA;" /><cbFormTableEvenRow_hover CSS="&#xA;" /><cbFormNestedTable CSS="&#xA;" /><cbFormNestedTableContainer CSS="&#xA;" /><Calendar /><cbFormCalendar /><cbFormCalendarPickerNavBar /><cbFormCalendarPickerPrevMonthDay /><cbFormCalendarPickerNextMonthDay /><cbFormAudioCaptcha /><cbFormAudioPlugin /><AudioCaptcha /><AudioCaptchaPlugin /><cbSubmitButtonContainer CSS="&#xA;" /><cbInlineAddFormButtonContainer /><cbBackButtonContainer CSS="&#xA;" /><cbDeleteButtonContainer CSS="&#xA;" /><cbSearchButtonContainer CSS="&#xA;" /><cbLoginButtonContainer CSS="&#xA;" /><cbUpdateButtonContainer CSS="&#xA;" /><cbPasswordRecoveryButtonContainer CSS="&#xA;" /><cbPasswordResetButtonContainer CSS="&#xA;" /><cbFormAutoCompleteList /><cbFormAutoCompleteOption /><cbFormAutoCompleteOption_hover /><cbFormActionsContainer /><cbGenerateTemplatesLinkOpen /><cbFormSearchAgainContainer /><cbFormDownloadDetailsContainer /><cbFormBackToPivotActionContainer /><cbFormBackToReportActionContainer /><cbFormNavigationTable /><cbFormNavigationCell /><cbFormOuterTable CSS="&#xA;" /><cbResultSetOuterTable /><cbResultSetRANestedTable /><cbAuthIconsOuterTable CSS="&#xA;" /><cbAuthIconsProviderContainer CSS="&#xA;" /><cbAuthIconsProviderLinkImage CSS="&#xA;" /><cbAuthSimpleOuterTable CSS="&#xA;" /><cbAuthSimpleProviderInnerTable CSS="&#xA;" /><cbAuthSimpleProviderContainerRight CSS="&#xA;" /><cbAuthSimpleProviderContainerLeft CSS="&#xA;" /><cbAuthSimpleProviderContainerTop CSS="&#xA;" /><cbAuthSimpleProviderContainerBottom CSS="&#xA;" /><cbAuthSimpleProviderContainerVertical CSS="&#xA;" /><cbAuthSimpleProviderContainerHorizontal CSS="&#xA;" /><cbAuthSimpleCaspioContainer CSS="&#xA;" /><cbAuthSimpleProviderLinkImage CSS="&#xA;" /><cbAuthSimpleActionCell CSS="&#xA;" /><cbAuthSimpleActionCell_hover CSS="&#xA;" /><cbAuthSimpleCaspioOuterTable CSS="&#xA;" /><cbAuthSidebarHeader CSS="&#xA;" /><cbAuthSidebarFooter CSS="&#xA;" /><cbAuthSidebarLoginButtonContainer CSS="&#xA;" /><cbAuthSidebarOuterTable CSS="&#xA;" /><cbAuthSidebarProviderContainer CSS="&#xA;" /><cbAuthSidebarProviderContentWrapper CSS="&#xA;" /><cbAuthSidebarCaspioOuterTable CSS="&#xA;" /><cbAuthSidebarActionCell CSS="&#xA;" /><cbAuthSidebarActionCell_hover CSS="&#xA;" /><cbAuthSidebarActiveActionCell CSS="&#xA;" /><cbAuthSidebarActiveActionCell_hover CSS="&#xA;" /><cbAuthSidebarProviderContent CSS="&#xA;" /><cbAuthSidebarProviderPrompt CSS="&#xA;" /><cbAuthSidebarProviderInstruction CSS="&#xA;" /><cbAuthSidebarProviderWarning CSS="&#xA;" /><cbAuthSidebarProviderWaitingMessage CSS="&#xA;" /><cbAuthSidebarProviderLoginButton CSS="&#xA;" /><cbAuthSidebarProviderLinkImage CSS="&#xA;" /><cbAuthOpenIDTable CSS="&#xA;" /><cbAuthLightbox CSS="&#xA;" /><cbAuthOpenIdLightboxArrow CSS="&#xA;" /><cbAuthCaspioLightboxArrow CSS="&#xA;" /><cbAuthLightboxCloseButton CSS="&#xA;" /><cbAuthLightboxHeader CSS="&#xA;" /><cbAuthLightboxDivider CSS="&#xA;" /><cbAuthHorizontalBlockSeparator CSS="&#xA;" /><cbAuthVerticalBlockSeparator CSS="&#xA;" /><cbAuthButtonSeparator CSS="&#xA;" /><cbAuthDeferredOuterContainer CSS="&#xA;" /><cbAuthDeferredInnerContainer CSS="&#xA;" /><cbAuthDeferredTitle CSS="&#xA;" /><cbAuthDeferredTitleText CSS="&#xA;" /><cbAuthDeferredClsBtnContainer CSS="&#xA;" /><cbAuthDeferredClsBtn CSS="&#xA;" /><cbAuthDeferredBody CSS="&#xA;" /><cbAuthDeferredBodyInnerContainer CSS="&#xA;" /><cbAuthDeferredButtonsCtnr CSS="&#xA;" /><cbFormAuthTable CSS="&#xA;" /><cbFormAuthLabelCell CSS="&#xA;" /><cbFormAuthFieldCell CSS="&#xA;" /><cbFormAuthDataCell CSS="&#xA;" /><cbBulkFormEnableCheckBoxContainer /><cbBulkFormLabel /><cbBulkFormLabelRequired /><cbBulkFormRequiredMarker /><cbBulkFormHintLabel /><cbBulkFormHintLabelImage /><cbBulkFormHintLabel_hover /><cbBulkFormHintTipContainer /><cbBulkFormHintTipText /><cbBulkFormSection508Label /><cbBulkFormLabelCell /><cbBulkFormLabelError /><cbBulkFormErrorMarker /><cbBulkFormCommonError /><cbBulkFormError /><cbBulkFormTextField /><cbBulkFormTextArea /><cbBulkFormTextAreaHint /><cbBulkFormTextAreaHintContainer /><cbBulkFormTextField_placeholder /><cbBulkFormPassword_placeholder /><cbBulkFormTextArea_placeholder /><cbBulkFormPassword /><cbBulkFormSelect /><cbBulkFormFile /><cbBulkFormFieldCell /><cbBulkFormData /><cbBulkFormDataLink /><cbBulkFormDataLink_hover /><cbBulkFormDataCell /><cbBulkFormDataCellNumberDate /><cbBulkFormExpandLink /><cbBulkFormExpandLink_hover /><cbBulkFormTable /><cbBulkFormTableRow /><cbBulkFormTableRow_hover /><cbBulkFormTableEvenRow /><cbBulkFormTableEvenRow_hover /><cbBulkFormNestedTable /><cbBulkFormNestedTableContainer /><cbBulkFormCalendar /><cbBulkFormHTMLBlockContainer /><cbResultSetSortText /><cbResultSetTableHeader /><cbResultSetTableHeader_hover /><cbResultSetUnorderedList /><cbResultSetOrderedList /><cbResultSetListItem /><cbResultSetErrorMarker /><cbResultSetHeaderCheckBoxCell /><cbResultSetCheckBoxCell /><cbResultSetGroup1HeaderCheckBoxCell /><cbResultSetGroup2HeaderCheckBoxCell /><cbResultSetGroup3HeaderCheckBoxCell /><cbResultSetGroup4HeaderCheckBoxCell /><cbResultSetNavigationCell /><cbResultSetRecordCell /><cbResultSetSelectRecordCheckBoxCell /><cbResultSetEvenRow /><cbResultSetOddRow /><cbResultSetEvenRow_hover /><cbResultSetOddRow_hover /><cbResultSetDataRow_selected /><cbResultSetTable /><cbResultSetTableCell /><cbResultSetTableCellNumberDate /><cbResultSetActionCell /><cbResultSetHeaderCell /><cbResultSetHeaderCellNumberDate /><cbResultSetGridOddRow /><cbResultSetGridEvenRow /><cbResultSetGridOddRow_hover /><cbResultSetGridEvenRow_hover /><cbResultSetGridDataRow_selected /><cbResultSetGridDataCell /><cbResultSetGridDataCellNumberDate /><cbResultSetGridSeletedDataCell /><cbResultSetGridSeletedDataCellNumberDate /><cbResultSetGridErrorDataCell /><cbResultSetGridCheckBoxCell /><cbResultSetGridActionCell /><cbResultSetGridHeaderCheckBoxCell /><cbResultSetGridHeaderCell /><cbResultSetGridHeaderCellNumberDate /><cbResultSetGridTableHeader /><cbResultSetGridTableHeader_hover /><cbResultSetGridNonEditableColumn /><cbResultSetGridNonEditableColumnNumberDate /><cbResultSetNavigationTable /><cbResultSetActionsContainer /><cbResultSetDownloadMessage /><cbResultSetListView /><cbResultSetListViewRow /><cbResultSetListViewTableOddCell /><cbResultSetListViewTableEvenCell /><cbResultSetListViewTableOddCell_hover /><cbResultSetListViewTableEvenCell_hover /><cbResultSetListViewHeaderCheckBoxCell /><cbResultSetListViewHeaderCheckBoxCell_hover /><cbResultSetListViewHeaderCheckBoxCell_selected /><cbResultSetCalendar /><cbResultSetCalendarCaptionTable /><cbResultSetCalendarCaptionCell /><cbResultSetCalendarHeader /><cbResultSetCalendarHeader_hover /><cbResultSetCalendarHeaderCell /><cbResultSetCalendarHeaderCellDaily /><cbResultSetCalendarTableRow /><cbResultSetCalendarOddCell_hover /><cbResultSetCalendarEvenCell_hover /><cbChartContainer /><cbChartOptions /><cbChartTitle /><cbChartSubTitle /><cbChartLegendTitle /><cbChartCategoriesTitle /><cbChartCategoriesLabel /><cbChartValuesTitle /><cbChartValuesLabel /><cbChartValuesData /><cbChartValuesArea /><cbChartLegend /><cbResultSetGroup1Row /><cbResultSetGroup1Row_hover /><cbResultSetGroup1LabelCell /><cbResultSetGroup1LabelCellNumberDate /><cbResultSetGroup1SubTotalCell /><cbResultSetGroup1DataCell /><cbResultSetGroup1DataCellNumberDate /><cbResultSetGroup1Left /><cbResultSetGroup1Right /><cbResultSetGroup2Row /><cbResultSetGroup2Row_hover /><cbResultSetGroup2LabelCell /><cbResultSetGroup2LabelCellNumberDate /><cbResultSetGroup2SubTotalCell /><cbResultSetGroup2DataCell /><cbResultSetGroup2DataCellNumberDate /><cbResultSetGroup2Left /><cbResultSetGroup2Right /><cbResultSetGroup3Row /><cbResultSetGroup3Row_hover /><cbResultSetGroup3LabelCell /><cbResultSetGroup3LabelCellNumberDate /><cbResultSetGroup3SubTotalCell /><cbResultSetGroup3DataCell /><cbResultSetGroup3DataCellNumberDate /><cbResultSetGroup3Left /><cbResultSetGroup3Right /><cbResultSetGroup4Row /><cbResultSetGroup4Row_hover /><cbResultSetGroup4LabelCell /><cbResultSetGroup4LabelCellNumberDate /><cbResultSetGroup4SubTotalCell /><cbResultSetGroup4DataCell /><cbResultSetGroup4DataCellNumberDate /><cbResultSetGroup4Left /><cbResultSetGroup4Right /><cbResultSetTotalsRow /><cbResultSetTotalsRow_hover /><cbResultSetTotalsLabelCell /><cbResultSetTotalsDataCell /><cbResultSetTotalsDataCellNumberDate /><cbResultSetCollapsedSubTotalLabelCell /><cbResultSetCollapsedSubTotalLabelCellNumberDate /><cbResultSetPanelBaseContainer /><cbResultSetPanelDataContainer /><cbResultSetPanelColumnarRAContainer /><cbResultSetPanelColumnarRAContainer_hover /><cbResultSetPanelCalendarRAContainer /><cbResultSetPanelCalendarRAContainer_hover /><cbResultSetSortContainer /><cbResultSetSearchAgainContainer /><cbResultSetBackToPivotActionContainer /><cbResultSetBulkDeleteActionContainer /><cbResultSetBulkEditActionContainer /><cbResultSetGridEditActionContainer /><cbResultSetListGallerySelectAllActionContainer /><cbResultSetPageActionsCell /><cbResultSetRecordPerPageCell /><cbResultSetInlineCalendarWrapper /><cbResultSetNestedAlign /><cbResultSetMultiSelect /><cbResultSetAutoCompleteList /><cbResultSetAutoCompleteOption /><cbResultSetAutoCompleteOption_hover /><cbResultGenerateTemplatesLinkOpen /><h1 /><h2 /><h3 /><p /><ul /><li /><a /><a_hover /><cbTableAlignLeft /><cbTableAlignCenter /><cbTableAlignRight /><cbContainerTextAlignLeft /><cbContainerTextAlignRight /><cbContainerTextAlignCenter /><cbTableCellPadding /><cbTableBorderAttribute /><cbTableDefaultCellspacing /><cbFormTableCellspacing CSS="&#xA;" /><cbFormNestedTableCellspacing CSS="&#xA;" /><cbFormActionsContainerCellspacing /><cbFormNavigationTableCellspacing /><cbResultSetRANestedTableCellspacing /><cbBulkFormTableCellspacing /><cbBulkFormNestedTableCellspacing /><cbResultSetTableCellspacing /><cbResultSetNavigationTableCellspacing /><cbResultSetDownloadTableCellspacing /><cbResultSetListViewCellspacing /><cbResultSetCalendarCellspacing /><cbResultSetCalendarCaptionTableCellspacing /><cbFormAuthTableCellspacing CSS="&#xA;" /><cbResultSetActionsContainerCellspacing /><cbSystemMessageContainer /><cbResultSetFreezeColumnsDivider /><cbFormComputedFieldPreloader /><cbResultSetCalculatedField /><cbPayPalButton /><cbFormPaymentProcessorCreditCard /><cbFormPaymentProcessorPaypal /><cbFormFieldSet CSS="&#xA;" /></TabletStyle><MobileStyle><cbResultSetPdfHeaderFooter /><cbFormHintLabelImage /><cbFormHintTipContainer /><cbResultSetHintLabelImage /><cbResultSetHintTipContainer /><cbFormSection508Label /><cbFormLabelCell CSS="&#xA;" /><cbFormErrorField /><cbFormTextAreaHintContainer /><cbFormTextField_placeholder /><cbFormPassword_placeholder /><cbFormTextArea_placeholder /><cbPasswordTextWeak /><cbPasswordTextFair /><cbPasswordTextGood /><cbPasswordTextStrong /><cbPasswordBarWeak /><cbPasswordBarFair /><cbPasswordBarGood /><cbPasswordBarStrong /><cbPasswordStrengthBarContainer /><cbPasswordStrengthBar /><cbFormMultiSelect /><cbFormRadioButtonLabelDisabled /><cbFormFieldCell CSS="&#xA;" /><cbFormUnorderedList /><cbFormOrderedList /><cbFormListItem /><cbFormDataCell CSS="&#xA;" /><cbFormDataCellNumberDate CSS="&#xA;" /><cbFormTable CSS="&#xA;" /><cbFormTableRow CSS="&#xA;" /><cbFormTableRow_hover CSS="&#xA;" /><cbFormTableEvenRow CSS="&#xA;" /><cbFormTableEvenRow_hover CSS="&#xA;" /><cbFormNestedTable CSS="&#xA;" /><cbFormNestedTableContainer CSS="&#xA;" /><Calendar /><cbFormCalendar /><cbFormCalendarPickerNavBar /><cbFormCalendarPickerPrevMonthDay /><cbFormCalendarPickerNextMonthDay /><cbFormAudioCaptcha /><cbFormAudioPlugin /><AudioCaptcha /><AudioCaptchaPlugin /><cbSubmitButtonContainer CSS="&#xA;" /><cbInlineAddFormButtonContainer /><cbBackButtonContainer CSS="&#xA;" /><cbDeleteButtonContainer CSS="&#xA;" /><cbSearchButtonContainer CSS="&#xA;" /><cbLoginButtonContainer CSS="&#xA;" /><cbUpdateButtonContainer CSS="&#xA;" /><cbPasswordRecoveryButtonContainer CSS="&#xA;" /><cbPasswordResetButtonContainer CSS="&#xA;" /><cbFormAutoCompleteList /><cbFormAutoCompleteOption /><cbFormAutoCompleteOption_hover /><cbFormActionsContainer /><cbGenerateTemplatesLinkOpen /><cbFormSearchAgainContainer /><cbFormDownloadDetailsContainer /><cbFormBackToPivotActionContainer /><cbFormBackToReportActionContainer /><cbFormNavigationTable /><cbFormNavigationCell /><cbFormOuterTable CSS="&#xA;" /><cbResultSetOuterTable /><cbResultSetRANestedTable /><cbAuthIconsOuterTable CSS="&#xA;" /><cbAuthIconsProviderContainer CSS="&#xA;" /><cbAuthIconsProviderLinkImage CSS="&#xA;" /><cbAuthSimpleOuterTable CSS="&#xA;" /><cbAuthSimpleProviderInnerTable CSS="&#xA;" /><cbAuthSimpleProviderContainerRight CSS="&#xA;" /><cbAuthSimpleProviderContainerLeft CSS="&#xA;" /><cbAuthSimpleProviderContainerTop CSS="&#xA;" /><cbAuthSimpleProviderContainerBottom CSS="&#xA;" /><cbAuthSimpleProviderContainerVertical CSS="&#xA;" /><cbAuthSimpleProviderContainerHorizontal CSS="&#xA;" /><cbAuthSimpleCaspioContainer CSS="&#xA;" /><cbAuthSimpleProviderLinkImage CSS="&#xA;" /><cbAuthSimpleActionCell CSS="&#xA;" /><cbAuthSimpleActionCell_hover CSS="&#xA;" /><cbAuthSimpleCaspioOuterTable CSS="&#xA;" /><cbAuthSidebarHeader CSS="&#xA;" /><cbAuthSidebarFooter CSS="&#xA;" /><cbAuthSidebarLoginButtonContainer CSS="&#xA;" /><cbAuthSidebarOuterTable CSS="&#xA;" /><cbAuthSidebarProviderContainer CSS="&#xA;" /><cbAuthSidebarProviderContentWrapper CSS="&#xA;" /><cbAuthSidebarCaspioOuterTable CSS="&#xA;" /><cbAuthSidebarActionCell CSS="&#xA;" /><cbAuthSidebarActionCell_hover CSS="&#xA;" /><cbAuthSidebarActiveActionCell CSS="&#xA;" /><cbAuthSidebarActiveActionCell_hover CSS="&#xA;" /><cbAuthSidebarProviderContent CSS="&#xA;" /><cbAuthSidebarProviderPrompt CSS="&#xA;" /><cbAuthSidebarProviderInstruction CSS="&#xA;" /><cbAuthSidebarProviderWarning CSS="&#xA;" /><cbAuthSidebarProviderWaitingMessage CSS="&#xA;" /><cbAuthSidebarProviderLoginButton CSS="&#xA;" /><cbAuthSidebarProviderLinkImage CSS="&#xA;" /><cbAuthOpenIDTable CSS="&#xA;" /><cbAuthLightbox CSS="&#xA;" /><cbAuthOpenIdLightboxArrow CSS="&#xA;" /><cbAuthCaspioLightboxArrow CSS="&#xA;" /><cbAuthLightboxCloseButton CSS="&#xA;" /><cbAuthLightboxHeader CSS="&#xA;" /><cbAuthLightboxDivider CSS="&#xA;" /><cbAuthHorizontalBlockSeparator CSS="&#xA;" /><cbAuthVerticalBlockSeparator CSS="&#xA;" /><cbAuthButtonSeparator CSS="&#xA;" /><cbAuthDeferredOuterContainer CSS="&#xA;" /><cbAuthDeferredInnerContainer CSS="&#xA;" /><cbAuthDeferredTitle CSS="&#xA;" /><cbAuthDeferredTitleText CSS="&#xA;" /><cbAuthDeferredClsBtnContainer CSS="&#xA;" /><cbAuthDeferredClsBtn CSS="&#xA;" /><cbAuthDeferredBody CSS="&#xA;" /><cbAuthDeferredBodyInnerContainer CSS="&#xA;" /><cbAuthDeferredButtonsCtnr CSS="&#xA;" /><cbFormAuthTable CSS="&#xA;" /><cbFormAuthLabelCell CSS="&#xA;" /><cbFormAuthFieldCell CSS="&#xA;" /><cbFormAuthDataCell CSS="&#xA;" /><cbBulkFormEnableCheckBoxContainer /><cbBulkFormLabel /><cbBulkFormLabelRequired /><cbBulkFormRequiredMarker /><cbBulkFormHintLabel /><cbBulkFormHintLabelImage /><cbBulkFormHintLabel_hover /><cbBulkFormHintTipContainer /><cbBulkFormHintTipText /><cbBulkFormSection508Label /><cbBulkFormLabelCell /><cbBulkFormLabelError /><cbBulkFormErrorMarker /><cbBulkFormCommonError /><cbBulkFormError /><cbBulkFormTextField /><cbBulkFormTextArea /><cbBulkFormTextAreaHint /><cbBulkFormTextAreaHintContainer /><cbBulkFormTextField_placeholder /><cbBulkFormPassword_placeholder /><cbBulkFormTextArea_placeholder /><cbBulkFormPassword /><cbBulkFormSelect /><cbBulkFormFile /><cbBulkFormFieldCell /><cbBulkFormData /><cbBulkFormDataLink /><cbBulkFormDataLink_hover /><cbBulkFormDataCell /><cbBulkFormDataCellNumberDate /><cbBulkFormExpandLink /><cbBulkFormExpandLink_hover /><cbBulkFormTable /><cbBulkFormTableRow /><cbBulkFormTableRow_hover /><cbBulkFormTableEvenRow /><cbBulkFormTableEvenRow_hover /><cbBulkFormNestedTable /><cbBulkFormNestedTableContainer /><cbBulkFormCalendar /><cbBulkFormHTMLBlockContainer /><cbResultSetSortText /><cbResultSetTableHeader /><cbResultSetTableHeader_hover /><cbResultSetUnorderedList /><cbResultSetOrderedList /><cbResultSetListItem /><cbResultSetErrorMarker /><cbResultSetHeaderCheckBoxCell /><cbResultSetCheckBoxCell /><cbResultSetGroup1HeaderCheckBoxCell /><cbResultSetGroup2HeaderCheckBoxCell /><cbResultSetGroup3HeaderCheckBoxCell /><cbResultSetGroup4HeaderCheckBoxCell /><cbResultSetNavigationCell /><cbResultSetRecordCell /><cbResultSetSelectRecordCheckBoxCell /><cbResultSetEvenRow_hover /><cbResultSetOddRow_hover /><cbResultSetDataRow_selected /><cbResultSetTable /><cbResultSetTableCell /><cbResultSetTableCellNumberDate /><cbResultSetActionCell /><cbResultSetHeaderCell /><cbResultSetHeaderCellNumberDate /><cbResultSetGridOddRow /><cbResultSetGridEvenRow /><cbResultSetGridOddRow_hover /><cbResultSetGridEvenRow_hover /><cbResultSetGridDataRow_selected /><cbResultSetGridDataCell /><cbResultSetGridDataCellNumberDate /><cbResultSetGridSeletedDataCell /><cbResultSetGridSeletedDataCellNumberDate /><cbResultSetGridErrorDataCell /><cbResultSetGridCheckBoxCell /><cbResultSetGridActionCell /><cbResultSetGridHeaderCheckBoxCell /><cbResultSetGridHeaderCell /><cbResultSetGridHeaderCellNumberDate /><cbResultSetGridTableHeader /><cbResultSetGridTableHeader_hover /><cbResultSetGridNonEditableColumn /><cbResultSetGridNonEditableColumnNumberDate /><cbResultSetNavigationTable /><cbResultSetDownloadMessage /><cbResultSetListView /><cbResultSetListViewRow /><cbResultSetListViewTableOddCell /><cbResultSetListViewTableEvenCell /><cbResultSetListViewTableOddCell_hover /><cbResultSetListViewTableEvenCell_hover /><cbResultSetListViewHeaderCheckBoxCell /><cbResultSetListViewHeaderCheckBoxCell_hover /><cbResultSetListViewHeaderCheckBoxCell_selected /><cbResultSetCalendar /><cbResultSetCalendarCaptionTable /><cbResultSetCalendarCaptionCell /><cbResultSetCalendarHeader /><cbResultSetCalendarHeader_hover /><cbResultSetCalendarHeaderCell /><cbResultSetCalendarHeaderCellDaily /><cbResultSetCalendarTableRow /><cbResultSetCalendarOddCell_hover /><cbResultSetCalendarEvenCell_hover /><cbChartContainer /><cbChartOptions /><cbChartTitle /><cbChartSubTitle /><cbChartLegendTitle /><cbChartCategoriesTitle /><cbChartCategoriesLabel /><cbChartValuesTitle /><cbChartValuesLabel /><cbChartValuesData /><cbChartValuesArea /><cbChartLegend /><cbResultSetGroup1Row /><cbResultSetGroup1Row_hover /><cbResultSetGroup1LabelCell /><cbResultSetGroup1LabelCellNumberDate /><cbResultSetGroup1SubTotalCell /><cbResultSetGroup1DataCell /><cbResultSetGroup1DataCellNumberDate /><cbResultSetGroup1Left /><cbResultSetGroup1Right /><cbResultSetGroup2Row /><cbResultSetGroup2Row_hover /><cbResultSetGroup2LabelCell /><cbResultSetGroup2LabelCellNumberDate /><cbResultSetGroup2SubTotalCell /><cbResultSetGroup2DataCell /><cbResultSetGroup2DataCellNumberDate /><cbResultSetGroup2Left /><cbResultSetGroup2Right /><cbResultSetGroup3Row /><cbResultSetGroup3Row_hover /><cbResultSetGroup3LabelCell /><cbResultSetGroup3LabelCellNumberDate /><cbResultSetGroup3SubTotalCell /><cbResultSetGroup3DataCell /><cbResultSetGroup3DataCellNumberDate /><cbResultSetGroup3Left /><cbResultSetGroup3Right /><cbResultSetGroup4Row /><cbResultSetGroup4Row_hover /><cbResultSetGroup4LabelCell /><cbResultSetGroup4LabelCellNumberDate /><cbResultSetGroup4SubTotalCell /><cbResultSetGroup4DataCell /><cbResultSetGroup4DataCellNumberDate /><cbResultSetGroup4Left /><cbResultSetGroup4Right /><cbResultSetTotalsRow /><cbResultSetTotalsRow_hover /><cbResultSetTotalsLabelCell /><cbResultSetTotalsDataCell /><cbResultSetTotalsDataCellNumberDate /><cbResultSetCollapsedSubTotalLabelCell /><cbResultSetCollapsedSubTotalLabelCellNumberDate /><cbResultSetPanelBaseContainer /><cbResultSetPanelDataContainer /><cbResultSetPanelColumnarRAContainer /><cbResultSetPanelColumnarRAContainer_hover /><cbResultSetPanelCalendarRAContainer /><cbResultSetPanelCalendarRAContainer_hover /><cbResultSetSortContainer /><cbResultSetSearchAgainContainer /><cbResultSetBackToPivotActionContainer /><cbResultSetBulkDeleteActionContainer /><cbResultSetBulkEditActionContainer /><cbResultSetGridEditActionContainer /><cbResultSetListGallerySelectAllActionContainer /><cbResultSetPageActionsCell /><cbResultSetRecordPerPageCell /><cbResultSetInlineCalendarWrapper /><cbResultSetNestedAlign /><cbResultSetMultiSelect /><cbResultSetAutoCompleteList /><cbResultSetAutoCompleteOption /><cbResultSetAutoCompleteOption_hover /><cbResultGenerateTemplatesLinkOpen /><h1 /><h2 /><h3 /><p /><ul /><li /><a /><a_hover /><cbTableAlignLeft /><cbTableAlignCenter /><cbTableAlignRight /><cbContainerTextAlignLeft /><cbContainerTextAlignRight /><cbContainerTextAlignCenter /><cbTableCellPadding /><cbTableBorderAttribute /><cbTableDefaultCellspacing /><cbFormTableCellspacing CSS="&#xA;" /><cbFormNestedTableCellspacing CSS="&#xA;" /><cbFormActionsContainerCellspacing /><cbFormNavigationTableCellspacing /><cbResultSetRANestedTableCellspacing /><cbBulkFormTableCellspacing /><cbBulkFormNestedTableCellspacing /><cbResultSetTableCellspacing /><cbResultSetNavigationTableCellspacing /><cbResultSetDownloadTableCellspacing /><cbResultSetListViewCellspacing /><cbResultSetCalendarCellspacing /><cbResultSetCalendarCaptionTableCellspacing /><cbFormAuthTableCellspacing CSS="&#xA;" /><cbResultSetActionsContainerCellspacing /><cbSystemMessageContainer /><cbResultSetFreezeColumnsDivider /><cbFormComputedFieldPreloader /><cbResultSetCalculatedField /><cbPayPalButton /><cbFormPaymentProcessorCreditCard /><cbFormPaymentProcessorPaypal /><cbFormFieldSet CSS="&#xA;" /></MobileStyle><Note /></Style></xml>