<?xml version="1.0" encoding="utf-8"?><xml><Table><Name>Teachers_1</Name><Note /><Row><Teache_NSHE DataType="STRING" Unique="True" Description="" DisplayOrder="1" Label="">987654321</Teache_NSHE><Teacher_email DataType="STRING" Unique="True" Description="" DisplayOrder="2" Label="">NSHE@teacher1.csn.edu</Teacher_email><Name DataType="STRING" Unique="False" Description="" DisplayOrder="3" Label="">Kevin smith</Name></Row><Row><Teache_NSHE>87321454</Teache_NSHE><Teacher_email>NSHE@teacher3.csn.edu</Teacher_email><Name>May june</Name></Row></Table><Table><Name>Students_1</Name><Note /><Row><Student_NSHE DataType="STRING" Unique="True" Description="" DisplayOrder="1" Label="">123456789</Student_NSHE><Student_email DataType="STRING" Unique="True" Description="" DisplayOrder="2" Label="">123456789@student1.csn.edu</Student_email><Name DataType="STRING" Unique="False" Description="" DisplayOrder="3" Label="">John doe</Name></Row><Row><Student_NSHE>987123456</Student_NSHE><Student_email>987123456@student2.csn.edu</Student_email><Name>Jane doe</Name></Row><Row><Student_NSHE>5008207654</Student_NSHE><Student_email>5008207654@student.csn.edu</Student_email><Name>Daniel Oneill</Name></Row><Row><Student_NSHE>0000000000</Student_NSHE><Student_email>0000000000@student.csn.edu</Student_email><Name>Stan lee</Name></Row><Row><Student_NSHE>1</Student_NSHE><Student_email>Mark.taormino@csn.edu</Student_email><Name>Mark Taormino</Name></Row></Table><Table><Name>Session_info_1</Name><Note /><Row><Exam_id DataType="STRING" Unique="True" Description="" DisplayOrder="1" Label="Primary key">31488985</Exam_id><Student_NSHE DataType="STRING" Unique="False" Description="" DisplayOrder="2" Label="">5008207654</Student_NSHE><Room_id DataType="STRING" Unique="False" Description="" DisplayOrder="3" Label="">B-116</Room_id><Date DataType="STRING" Unique="False" Description="" DisplayOrder="4" Label="">12/7/2024</Date><Time DataType="STRING" Unique="False" Description="" DisplayOrder="5" Label="">02:00 PM</Time><Location DataType="STRING" Unique="False" Description="" DisplayOrder="6" Label="">Char</Location><Type DataType="STRING" Unique="False" Description="" DisplayOrder="7" Label="">Word</Type><Current_Capacity DataType="NUMBER" Unique="False" Description="" DisplayOrder="8" Label="">6</Current_Capacity></Row><Row><Exam_id>87581248</Exam_id><Student_NSHE>0000000000</Student_NSHE><Room_id>C-115</Room_id><Date>12/7/2024</Date><Time>02:00 PM</Time><Location>Char</Location><Type>Word</Type><Current_Capacity>4</Current_Capacity></Row><Row><Exam_id>03132663</Exam_id><Student_NSHE>0000000000</Student_NSHE><Room_id>C-115</Room_id><Date>12/6/2024</Date><Time>11:00 AM</Time><Location>NLV</Location><Type>PPT</Type><Current_Capacity>3</Current_Capacity></Row><Row><Exam_id>65984857</Exam_id><Student_NSHE>0000000000</Student_NSHE><Room_id>D-225</Room_id><Date>12/6/2024</Date><Time>02:00 PM</Time><Location>NLV</Location><Type>PPT</Type><Current_Capacity>1</Current_Capacity></Row><Row><Exam_id>04885875</Exam_id><Student_NSHE>1</Student_NSHE><Room_id>C-115</Room_id><Date>12/6/2024</Date><Time>11:00 AM</Time><Location>NLV</Location><Type>Excel</Type><Current_Capacity>4</Current_Capacity></Row></Table><Relationship ParentTableName="Students_1" ParentColumnName="Student_NSHE" ParentLookupColumnName="" ChildTableName="Session_info_1" ChildColumnName="Student_NSHE" JoinType="I" RelationType="OM" ReferentialIntegrity="True" CascadeUpdate="True" CascadeDelete="True" ParentLookupColumnForDP="False" /></xml>