﻿<?xml version="1.0" encoding="utf-8" ?><xml><View Name="Session1"><Table Name="Session_info_1" Alias="Session_info_1" Updatable="True"><Field Name="Exam_id" Alias="Session_info_1_Exam_id" DisplayOrder="1" /><Field Name="Student_NSHE" Alias="Session_info_1_Student_NSHE" DisplayOrder="2" /><Field Name="Room_id" Alias="Session_info_1_Room_id" DisplayOrder="3" /><Field Name="Date" Alias="Session_info_1_Date" DisplayOrder="4" /><Field Name="Time" Alias="Session_info_1_Time" DisplayOrder="5" /><Field Name="Location" Alias="Session_info_1_Location" DisplayOrder="6" /><Field Name="Type" Alias="Session_info_1_Type" DisplayOrder="7" /><Field Name="Current_Capacity" Alias="Session_info_1_Current_Capacity" DisplayOrder="11" /></Table><Table Name="Students_1" Alias="Students_1"><Field Name="Student_NSHE" Alias="Students_1_Student_NSHE" DisplayOrder="8" /><Field Name="Student_email" Alias="Students_1_Student_email" DisplayOrder="9" /><Field Name="Name" Alias="Students_1_Name" DisplayOrder="10" /></Table><Join Table1="Session_info_1" Alias1="Session_info_1" Field1="Student_NSHE" Table2="Students_1" Alias2="Students_1" Field2="Student_NSHE" JoinType="F" /><Condition Table="Session_info_1" TableAlias="Session_info_1" Field="Student_NSHE" DataType="STRING" IsFormula="False"><Match ComparisonType="=" CriteriaId="2" Type="Field" Value="[@table_alias:Students_1].[@column:Student_NSHE]" /></Condition><CriteriaRoot><CriteriaGroup Type="AND" TmpUIId="1"><CriteriaItem x="71" y="20" TmpUIId="2" CriteriaId="2" /></CriteriaGroup></CriteriaRoot></View><View Name="History1"><Table Name="Session_info_1" Alias="Session_info_1" Updatable="True"><Field Name="Exam_id" Alias="Session_info_1_Exam_id" DisplayOrder="1" /><Field Name="Student_NSHE" Alias="Session_info_1_Student_NSHE" DisplayOrder="2" /><Field Name="Room_id" Alias="Session_info_1_Room_id" DisplayOrder="3" /><Field Name="Date" Alias="Session_info_1_Date" DisplayOrder="4" /><Field Name="Time" Alias="Session_info_1_Time" DisplayOrder="5" /><Field Name="Location" Alias="Session_info_1_Location" DisplayOrder="6" /><Field Name="Type" Alias="Session_info_1_Type" DisplayOrder="7" /><Field Name="Current_Capacity" Alias="Session_info_1_Current_Capacity" DisplayOrder="8" /></Table><Table Name="Students_1" Alias="Students_1"><Field Name="Student_NSHE" Alias="Students_1_Student_NSHE" DisplayOrder="9" /><Field Name="Student_email" Alias="Students_1_Student_email" DisplayOrder="10" /><Field Name="Name" Alias="Students_1_Name" DisplayOrder="11" /></Table><Join Table1="Students_1" Alias1="Students_1" Field1="Student_NSHE" Table2="Session_info_1" Alias2="Session_info_1" Field2="Student_NSHE" JoinType="I" /><Condition Table="Students_1" TableAlias="Students_1" Field="Student_NSHE" DataType="STRING" IsFormula="False"><Match ComparisonType="=" CriteriaId="1" Type="Field" Value="[@table_alias:Session_info_1].[@column:Student_NSHE]" /></Condition><CriteriaRoot><CriteriaGroup Type="AND" TmpUIId="1"><CriteriaItem x="61" y="34" TmpUIId="2" CriteriaId="1" /></CriteriaGroup></CriteriaRoot></View></xml>